route_id,boarding_stop_index,day_of_week,hour_of_day,is_weekend,is_holiday,is_month_end,historical_avg_demand,bus_type_encoded,actual_demand,booking_date
15,2,4,6,0,0,0,43,0,5,2026-08-15
1,3,3,21,0,0,0,13,1,8,2026-08-15
15,1,3,18,0,1,0,38,2,31,2026-08-15
2,2,3,10,0,1,0,40,0,18,2026-08-15
2,1,1,17,0,1,0,20,0,27,2026-08-15
1,3,1,9,0,0,0,36,1,19,2026-08-15
1,3,3,16,0,0,1,40,2,7,2026-08-15
1,2,0,11,0,0,0,49,1,18,2026-08-15
1,1,2,15,0,0,1,20,0,5,2026-08-15
15,2,5,19,1,0,0,18,0,35,2026-08-15
2,0,6,18,1,0,0,33,0,24,2026-08-15
15,2,2,19,0,0,0,12,0,29,2026-08-15
15,2,4,16,0,0,0,22,2,37,2026-08-15
2,2,0,10,0,0,0,33,0,30,2026-08-15
1,1,1,9,0,0,1,17,2,36,2026-08-15
15,2,0,9,0,0,1,40,2,21,2026-08-15
15,1,5,19,1,0,1,18,1,24,2026-08-15
1,0,3,12,0,0,1,46,0,10,2026-08-15
2,3,0,16,0,0,0,20,1,20,2026-08-15
1,1,0,21,0,0,0,23,0,39,2026-08-15
1,0,6,11,1,0,0,39,1,32,2026-08-15
1,0,5,18,1,0,0,18,1,23,2026-08-15
15,3,6,11,1,1,0,29,0,17,2026-08-15
15,1,2,15,0,0,1,17,2,12,2026-08-15
2,1,3,17,0,1,0,35,2,37,2026-08-15
2,3,0,10,0,0,1,36,2,35,2026-08-15
2,0,2,18,0,0,0,47,0,21,2026-08-15
15,2,6,13,1,0,0,47,1,30,2026-08-15
15,1,4,18,0,0,0,34,1,26,2026-08-15
1,3,6,15,1,0,0,26,0,19,2026-08-15
1,1,6,15,1,0,0,21,0,39,2026-08-15
1,1,6,18,1,0,0,27,2,21,2026-08-15
15,2,1,12,0,0,0,16,1,24,2026-08-15
1,2,5,8,1,0,0,14,1,32,2026-08-15
15,0,2,21,0,0,0,19,1,30,2026-08-15
1,0,6,20,1,0,1,43,1,6,2026-08-15
15,3,5,11,1,0,0,14,1,11,2026-08-15
2,1,5,16,1,0,1,48,1,5,2026-08-15
2,3,5,6,1,1,0,16,0,31,2026-08-15
2,2,5,19,1,0,0,25,2,32,2026-08-15
1,1,0,12,0,0,0,28,1,15,2026-08-15
15,1,4,11,0,0,0,39,2,19,2026-08-15
1,2,3,9,0,0,0,22,2,36,2026-08-15
15,1,5,10,1,0,0,37,1,13,2026-08-15
15,2,3,15,0,1,1,28,2,5,2026-08-15
15,2,5,12,1,0,0,15,2,36,2026-08-15
1,2,1,15,0,0,0,11,0,28,2026-08-15
2,3,3,5,0,0,0,38,2,32,2026-08-15
2,0,6,9,1,0,1,32,0,34,2026-08-15
15,0,6,13,1,0,0,31,0,34,2026-08-15
