user_id,avg_departure_hour,total_bookings,avg_advance_days,weekend_ratio,avg_segment_count
1,12.333333333333334,15,2.7333333333333334,0.2,2.4
2,10.933333333333334,15,2.6666666666666665,0.4666666666666667,2.466666666666667
3,11.555555555555555,9,1.4444444444444444,0.1111111111111111,3.0
4,14.352941176470589,17,3.823529411764706,0.35294117647058826,2.764705882352941
5,10.941176470588236,17,3.0588235294117645,0.23529411764705882,2.3529411764705883
6,14.428571428571429,14,3.7857142857142856,0.35714285714285715,2.9285714285714284
7,12.714285714285714,14,2.142857142857143,0.14285714285714285,2.5714285714285716
8,10.071428571428571,14,4.5,0.2857142857142857,2.5
9,9.444444444444445,9,2.111111111111111,0.3333333333333333,3.3333333333333335
10,11.5,20,2.6,0.2,2.85
11,12.761904761904763,21,3.4285714285714284,0.23809523809523808,2.4761904761904763
12,11.2,10,4.2,0.2,2.5
13,10.428571428571429,14,2.7142857142857144,0.21428571428571427,2.642857142857143
14,11.647058823529411,17,3.411764705882353,0.058823529411764705,2.6470588235294117
15,14.0,10,3.2,0.1,2.7
16,11.714285714285714,21,3.3333333333333335,0.3333333333333333,2.4761904761904763
17,12.11111111111111,18,4.833333333333333,0.3333333333333333,2.3333333333333335
18,13.117647058823529,17,2.9411764705882355,0.23529411764705882,2.235294117647059
19,13.583333333333334,12,3.6666666666666665,0.16666666666666666,3.4166666666666665
20,11.615384615384615,13,2.3846153846153846,0.46153846153846156,2.076923076923077
21,12.666666666666666,15,3.1333333333333333,0.3333333333333333,2.2
22,10.3125,16,2.25,0.1875,2.6875
23,11.571428571428571,21,2.2857142857142856,0.38095238095238093,2.619047619047619
24,13.25,28,2.7142857142857144,0.17857142857142858,2.7857142857142856
25,11.0,10,4.0,0.4,2.8
26,9.666666666666666,12,2.8333333333333335,0.3333333333333333,2.6666666666666665
27,13.615384615384615,13,3.230769230769231,0.38461538461538464,2.923076923076923
28,12.5625,16,4.25,0.5,2.375
29,13.38888888888889,18,3.0555555555555554,0.2777777777777778,3.0
30,12.090909090909092,22,3.5,0.18181818181818182,2.1818181818181817
31,11.368421052631579,19,2.0,0.21052631578947367,2.3684210526315788
32,15.384615384615385,13,3.3076923076923075,0.23076923076923078,1.9230769230769231
33,12.222222222222221,18,2.8333333333333335,0.2777777777777778,3.0
34,14.68421052631579,19,4.578947368421052,0.3684210526315789,2.1578947368421053
35,11.0,17,4.764705882352941,0.47058823529411764,2.5294117647058822
36,10.133333333333333,15,2.8,0.26666666666666666,2.933333333333333
37,9.6,15,2.7333333333333334,0.2,2.466666666666667
38,10.333333333333334,18,2.5,0.1111111111111111,2.4444444444444446
39,11.692307692307692,13,3.923076923076923,0.15384615384615385,2.3076923076923075
40,13.142857142857142,14,3.5,0.2857142857142857,2.7142857142857144
41,11.88888888888889,9,3.111111111111111,0.2222222222222222,3.2222222222222223
42,13.25,8,2.625,0.125,2.375
43,10.666666666666666,15,2.8,0.4,2.7333333333333334
44,10.176470588235293,17,4.0588235294117645,0.47058823529411764,2.823529411764706
45,10.333333333333334,12,2.0833333333333335,0.3333333333333333,2.0833333333333335
46,11.347826086956522,23,3.4782608695652173,0.2608695652173913,2.4347826086956523
47,10.642857142857142,14,1.9285714285714286,0.21428571428571427,2.0714285714285716
48,10.357142857142858,14,2.0714285714285716,0.14285714285714285,3.142857142857143
49,12.076923076923077,13,2.6153846153846154,0.46153846153846156,2.076923076923077
50,13.529411764705882,17,4.0588235294117645,0.23529411764705882,3.0588235294117645
51,10.214285714285714,14,3.4285714285714284,0.42857142857142855,2.642857142857143
52,10.357142857142858,14,3.642857142857143,0.21428571428571427,2.7142857142857144
53,10.428571428571429,14,1.9285714285714286,0.2857142857142857,2.5
54,11.0,17,2.823529411764706,0.47058823529411764,2.235294117647059
55,12.11111111111111,18,2.2222222222222223,0.2222222222222222,2.7222222222222223
56,11.363636363636363,11,2.5454545454545454,0.45454545454545453,2.909090909090909
57,11.272727272727273,22,2.409090909090909,0.2727272727272727,2.5
58,12.357142857142858,14,3.642857142857143,0.2857142857142857,2.857142857142857
59,10.25,12,2.1666666666666665,0.3333333333333333,2.5
60,12.11111111111111,9,3.6666666666666665,0.3333333333333333,3.0
61,11.214285714285714,14,3.142857142857143,0.21428571428571427,3.2857142857142856
62,13.8,15,3.466666666666667,0.3333333333333333,2.3333333333333335
63,11.764705882352942,17,4.117647058823529,0.29411764705882354,2.4705882352941178
64,11.875,8,2.125,0.125,2.25
65,12.6,15,2.6666666666666665,0.2,2.4
66,9.3125,16,3.625,0.25,3.1875
67,11.333333333333334,18,3.5555555555555554,0.2777777777777778,3.0555555555555554
68,11.411764705882353,17,2.4705882352941178,0.17647058823529413,2.8823529411764706
69,11.0,20,2.5,0.3,2.7
70,13.636363636363637,22,2.8636363636363638,0.2727272727272727,2.6818181818181817
71,11.294117647058824,17,1.8235294117647058,0.23529411764705882,2.6470588235294117
72,11.210526315789474,19,3.6315789473684212,0.3157894736842105,2.1052631578947367
73,10.583333333333334,12,3.0,0.4166666666666667,3.0
74,12.666666666666666,15,2.533333333333333,0.4,2.4
75,10.090909090909092,11,4.0,0.5454545454545454,2.727272727272727
76,11.3125,16,3.5625,0.125,2.5625
77,11.61111111111111,18,3.3333333333333335,0.2222222222222222,2.8333333333333335
78,12.642857142857142,14,3.2857142857142856,0.5,2.7857142857142856
79,12.166666666666666,12,2.6666666666666665,0.3333333333333333,3.1666666666666665
80,11.166666666666666,12,3.6666666666666665,0.3333333333333333,2.1666666666666665
81,12.2,20,2.95,0.35,2.8
82,10.875,16,3.6875,0.1875,2.625
83,11.444444444444445,9,4.111111111111111,0.4444444444444444,2.5555555555555554
84,10.75,12,3.25,0.16666666666666666,2.5833333333333335
85,11.35,20,4.05,0.4,2.45
86,11.052631578947368,19,2.526315789473684,0.42105263157894735,1.8421052631578947
87,12.782608695652174,23,2.260869565217391,0.17391304347826086,2.6956521739130435
88,11.214285714285714,14,3.9285714285714284,0.42857142857142855,2.642857142857143
89,11.363636363636363,11,3.272727272727273,0.5454545454545454,2.8181818181818183
90,11.75,16,2.5625,0.4375,2.375
91,8.8,15,4.333333333333333,0.5333333333333333,3.0
92,11.0,15,2.2666666666666666,0.6,2.7333333333333334
93,10.153846153846153,13,3.4615384615384617,0.5384615384615384,2.4615384615384617
94,13.083333333333334,12,3.0,0.16666666666666666,2.5833333333333335
95,10.533333333333333,15,4.6,0.3333333333333333,2.466666666666667
96,10.846153846153847,13,3.8461538461538463,0.38461538461538464,2.923076923076923
97,14.0,15,3.6666666666666665,0.2,2.533333333333333
98,10.777777777777779,18,2.611111111111111,0.2777777777777778,2.7777777777777777
99,11.842105263157896,19,3.263157894736842,0.47368421052631576,2.473684210526316
100,10.85,20,2.7,0.2,2.7
101,11.733333333333333,15,3.1333333333333333,0.26666666666666666,2.466666666666667
102,12.416666666666666,12,3.75,0.3333333333333333,3.0833333333333335
103,10.625,16,3.875,0.375,3.0625
104,11.384615384615385,13,2.923076923076923,0.07692307692307693,3.1538461538461537
105,9.714285714285714,14,2.7857142857142856,0.2857142857142857,2.5
106,11.615384615384615,13,1.9230769230769231,0.15384615384615385,2.923076923076923
107,12.631578947368421,19,2.6315789473684212,0.3157894736842105,2.736842105263158
108,11.0,9,5.777777777777778,0.3333333333333333,2.111111111111111
109,12.76923076923077,13,3.230769230769231,0.0,2.4615384615384617
110,12.5,14,3.0714285714285716,0.2857142857142857,3.0
111,11.823529411764707,17,4.176470588235294,0.29411764705882354,2.411764705882353
112,12.05,20,3.5,0.4,2.7
113,11.19047619047619,21,3.1904761904761907,0.23809523809523808,2.5238095238095237
114,11.052631578947368,19,3.3684210526315788,0.15789473684210525,2.1578947368421053
115,9.833333333333334,18,3.7777777777777777,0.3888888888888889,2.0555555555555554
116,11.5,14,2.2142857142857144,0.07142857142857142,2.642857142857143
117,10.470588235294118,17,2.823529411764706,0.35294117647058826,2.8823529411764706
118,11.785714285714286,14,2.9285714285714284,0.42857142857142855,3.0
119,12.32258064516129,31,3.225806451612903,0.22580645161290322,2.3548387096774195
120,8.777777777777779,18,3.888888888888889,0.3333333333333333,2.3333333333333335
121,9.8,15,2.466666666666667,0.3333333333333333,3.066666666666667
122,9.76923076923077,13,3.8461538461538463,0.46153846153846156,2.5384615384615383
123,13.692307692307692,13,2.4615384615384617,0.38461538461538464,2.8461538461538463
124,9.533333333333333,15,2.2666666666666666,0.26666666666666666,2.533333333333333
125,12.928571428571429,14,1.9285714285714286,0.07142857142857142,2.7857142857142856
126,10.285714285714286,14,3.7142857142857144,0.35714285714285715,2.2857142857142856
127,12.266666666666667,15,1.9333333333333333,0.0,2.6
128,10.25,16,2.5625,0.25,2.6875
129,15.363636363636363,11,2.727272727272727,0.2727272727272727,3.0
130,11.2,20,4.75,0.35,2.5
131,11.545454545454545,11,2.8181818181818183,0.09090909090909091,2.6363636363636362
132,11.38888888888889,18,2.388888888888889,0.2777777777777778,2.9444444444444446
133,12.61111111111111,18,3.6666666666666665,0.3888888888888889,3.3333333333333335
134,11.529411764705882,17,2.4705882352941178,0.29411764705882354,3.0
135,12.733333333333333,15,4.066666666666666,0.26666666666666666,2.4
136,11.6,15,2.466666666666667,0.2,2.933333333333333
137,11.277777777777779,18,3.2777777777777777,0.2777777777777778,3.1666666666666665
138,12.772727272727273,22,2.909090909090909,0.3181818181818182,2.6818181818181817
139,12.074074074074074,27,3.4814814814814814,0.2222222222222222,2.814814814814815
140,12.076923076923077,13,3.230769230769231,0.38461538461538464,2.4615384615384617
141,12.5,8,2.5,0.375,2.0
142,12.5,18,3.4444444444444446,0.16666666666666666,2.6666666666666665
143,11.333333333333334,15,3.6,0.2,3.2666666666666666
144,11.73913043478261,23,3.739130434782609,0.30434782608695654,2.0434782608695654
145,11.764705882352942,17,4.411764705882353,0.4117647058823529,2.9411764705882355
146,11.166666666666666,12,2.5833333333333335,0.25,2.1666666666666665
147,12.933333333333334,15,2.4,0.2,3.066666666666667
148,10.533333333333333,15,1.4666666666666666,0.26666666666666666,2.8
149,11.157894736842104,19,3.789473684210526,0.3684210526315789,2.789473684210526
150,12.076923076923077,13,3.8461538461538463,0.38461538461538464,2.1538461538461537
151,11.090909090909092,11,3.4545454545454546,0.2727272727272727,2.272727272727273
152,9.666666666666666,12,2.4166666666666665,0.25,2.25
153,11.923076923076923,13,3.076923076923077,0.3076923076923077,2.6923076923076925
154,8.916666666666666,12,3.25,0.25,2.9166666666666665
155,13.15,20,3.3,0.15,3.0
156,11.352941176470589,17,2.2941176470588234,0.17647058823529413,3.3529411764705883
157,10.625,16,2.75,0.1875,2.875
158,12.666666666666666,9,2.3333333333333335,0.5555555555555556,2.5555555555555554
159,12.333333333333334,15,2.7333333333333334,0.26666666666666666,2.933333333333333
160,13.0,13,3.3076923076923075,0.23076923076923078,3.1538461538461537
161,10.133333333333333,15,2.933333333333333,0.4,2.466666666666667
162,13.285714285714286,14,3.4285714285714284,0.35714285714285715,2.7857142857142856
163,12.65,20,3.2,0.25,2.35
164,11.4,15,2.8666666666666667,0.2,2.8
165,13.272727272727273,11,2.8181818181818183,0.09090909090909091,3.090909090909091
166,11.952380952380953,21,3.3333333333333335,0.19047619047619047,2.7142857142857144
167,11.916666666666666,12,3.5833333333333335,0.25,2.5
168,10.0,10,3.5,0.3,3.0
169,11.833333333333334,12,2.6666666666666665,0.16666666666666666,3.0833333333333335
170,14.0,14,2.4285714285714284,0.35714285714285715,2.357142857142857
171,11.11111111111111,9,3.4444444444444446,0.2222222222222222,3.111111111111111
172,11.6,10,2.1,0.3,3.0
173,12.173913043478262,23,3.0434782608695654,0.21739130434782608,2.5652173913043477
174,10.461538461538462,26,3.3076923076923075,0.2692307692307692,2.5384615384615383
175,13.863636363636363,22,3.1818181818181817,0.22727272727272727,3.0454545454545454
176,10.5,14,2.357142857142857,0.0,2.2142857142857144
177,11.777777777777779,9,2.4444444444444446,0.4444444444444444,2.888888888888889
178,12.0,7,3.5714285714285716,0.42857142857142855,2.4285714285714284
179,12.2,20,2.7,0.4,3.1
180,11.625,16,1.875,0.125,2.8125
181,13.375,16,2.5625,0.375,2.75
182,12.533333333333333,15,2.6666666666666665,0.2,2.4
183,9.727272727272727,11,2.909090909090909,0.36363636363636365,2.0
184,10.466666666666667,15,3.0,0.26666666666666666,2.533333333333333
185,10.4375,16,3.1875,0.1875,2.125
186,10.304347826086957,23,3.739130434782609,0.30434782608695654,2.0434782608695654
187,13.555555555555555,9,4.0,0.4444444444444444,1.5555555555555556
188,10.8,15,2.4,0.2,2.8
189,11.3125,16,3.0625,0.125,2.5625
190,10.222222222222221,9,2.7777777777777777,0.4444444444444444,2.6666666666666665
191,13.090909090909092,11,3.8181818181818183,0.45454545454545453,3.0
192,12.545454545454545,11,2.3636363636363638,0.18181818181818182,2.4545454545454546
193,12.928571428571429,14,2.9285714285714284,0.5,2.0
194,11.642857142857142,14,2.642857142857143,0.21428571428571427,3.2142857142857144
195,12.25,12,2.5833333333333335,0.5,2.5
196,11.714285714285714,21,3.380952380952381,0.38095238095238093,2.5714285714285716
197,8.818181818181818,11,1.7272727272727273,0.36363636363636365,2.272727272727273
198,11.263157894736842,19,2.9473684210526314,0.21052631578947367,2.789473684210526
199,9.235294117647058,17,2.588235294117647,0.23529411764705882,2.235294117647059
200,11.25,20,2.05,0.25,2.45
201,11.4,5,4.2,0.2,2.2
202,14.333333333333334,6,3.8333333333333335,0.5,2.5
203,12.2,5,4.0,0.4,2.4
204,8.833333333333334,6,1.5,0.16666666666666666,2.6666666666666665
205,16.0,5,4.0,0.2,3.0
206,11.916666666666666,12,3.0,0.4166666666666667,2.9166666666666665
207,14.8,5,2.2,0.0,3.0
208,7.6,5,2.2,0.4,3.4
209,10.666666666666666,3,6.0,0.3333333333333333,3.6666666666666665
210,11.0,3,0.0,0.0,2.3333333333333335
211,11.666666666666666,3,2.3333333333333335,0.0,2.6666666666666665
212,13.285714285714286,7,1.2857142857142858,0.0,3.2857142857142856
213,12.666666666666666,6,2.5,0.0,2.6666666666666665
214,12.625,8,2.25,0.25,3.0
215,12.666666666666666,3,2.3333333333333335,0.3333333333333333,3.3333333333333335
216,10.0,8,4.875,0.25,3.25
217,12.727272727272727,11,2.0,0.18181818181818182,2.1818181818181817
218,9.333333333333334,3,4.333333333333333,0.6666666666666666,2.0
219,11.25,4,2.25,0.5,2.5
220,10.5,4,0.5,0.0,3.0
221,11.666666666666666,6,3.3333333333333335,0.3333333333333333,2.6666666666666665
222,11.142857142857142,7,3.7142857142857144,0.2857142857142857,3.4285714285714284
223,16.25,4,3.0,0.5,1.75
225,9.166666666666666,6,3.6666666666666665,0.16666666666666666,2.3333333333333335
226,8.666666666666666,6,1.8333333333333333,0.0,2.5
227,11.0,4,4.5,0.25,2.75
228,12.11111111111111,9,2.888888888888889,0.5555555555555556,3.111111111111111
229,9.625,8,2.0,0.375,3.0
230,13.0,6,2.0,0.0,3.3333333333333335
231,11.8,5,2.8,0.4,3.4
232,13.857142857142858,7,4.428571428571429,0.0,2.2857142857142856
233,14.571428571428571,7,3.142857142857143,0.2857142857142857,3.142857142857143
234,13.0,3,2.6666666666666665,0.3333333333333333,3.0
235,8.0,4,3.25,0.5,1.5
236,15.090909090909092,11,2.8181818181818183,0.18181818181818182,2.272727272727273
237,12.875,8,1.5,0.125,3.0
238,12.666666666666666,6,2.3333333333333335,0.16666666666666666,3.0
239,13.166666666666666,6,5.166666666666667,0.5,3.0
240,11.538461538461538,13,4.0,0.23076923076923078,2.0
241,11.75,4,3.0,0.5,2.25
242,10.857142857142858,7,1.5714285714285714,0.2857142857142857,2.2857142857142856
243,10.714285714285714,7,2.7142857142857144,0.2857142857142857,2.7142857142857144
245,8.5,4,4.25,0.5,2.5
246,10.333333333333334,3,4.333333333333333,0.3333333333333333,2.0
247,9.285714285714286,7,4.285714285714286,0.2857142857142857,2.4285714285714284
248,17.0,4,1.0,0.0,3.75
249,9.833333333333334,6,3.1666666666666665,0.6666666666666666,2.5
250,11.5,6,3.0,0.16666666666666666,3.0
251,10.666666666666666,3,6.0,0.6666666666666666,3.0
253,9.4,5,1.6,0.2,2.8
254,12.333333333333334,6,3.6666666666666665,0.3333333333333333,2.5
255,15.666666666666666,3,2.6666666666666665,0.0,2.3333333333333335
256,7.333333333333333,3,1.3333333333333333,0.0,2.3333333333333335
257,14.75,8,2.875,0.25,2.75
258,13.25,8,1.625,0.125,2.75
259,11.5,10,4.3,0.4,2.4
260,9.166666666666666,6,3.1666666666666665,0.16666666666666666,2.0
261,11.166666666666666,6,3.6666666666666665,0.16666666666666666,2.8333333333333335
263,9.857142857142858,7,1.8571428571428572,0.0,2.2857142857142856
264,12.428571428571429,7,1.7142857142857142,0.42857142857142855,2.2857142857142856
265,11.333333333333334,6,5.833333333333333,0.3333333333333333,2.8333333333333335
267,10.25,4,4.0,0.0,3.25
268,11.166666666666666,6,3.0,0.16666666666666666,2.8333333333333335
269,9.6,5,1.4,0.2,1.8
270,13.142857142857142,7,4.0,0.14285714285714285,2.7142857142857144
271,13.666666666666666,9,3.111111111111111,0.4444444444444444,2.888888888888889
272,12.0,8,2.625,0.125,2.25
273,11.333333333333334,3,2.3333333333333335,0.3333333333333333,3.0
274,7.0,6,5.0,0.5,2.0
275,13.25,4,2.75,0.5,3.0
276,11.714285714285714,7,2.5714285714285716,0.2857142857142857,2.7142857142857144
277,13.0,6,4.166666666666667,0.3333333333333333,3.1666666666666665
278,13.6,5,6.6,0.6,3.2
279,11.857142857142858,7,2.857142857142857,0.2857142857142857,2.142857142857143
280,18.666666666666668,3,1.3333333333333333,0.0,3.0
281,12.88888888888889,9,2.2222222222222223,0.1111111111111111,2.111111111111111
282,15.333333333333334,3,3.3333333333333335,0.6666666666666666,3.6666666666666665
283,9.0,6,2.0,0.3333333333333333,2.8333333333333335
284,11.8,5,5.0,0.2,3.4
285,15.333333333333334,3,1.0,0.0,3.0
286,16.0,5,4.4,0.0,2.2
287,11.3,10,3.6,0.3,2.6
288,13.833333333333334,6,3.1666666666666665,0.3333333333333333,2.3333333333333335
289,15.0,8,3.125,0.375,3.125
290,13.25,4,0.5,0.0,3.5
291,9.363636363636363,11,3.1818181818181817,0.2727272727272727,3.0
292,12.545454545454545,11,5.0,0.2727272727272727,2.3636363636363638
293,12.5,6,2.8333333333333335,0.16666666666666666,2.5
294,13.0,6,2.8333333333333335,0.16666666666666666,2.8333333333333335
295,14.571428571428571,7,4.857142857142857,0.14285714285714285,2.4285714285714284
296,7.25,4,2.5,0.5,2.25
297,9.0,7,3.5714285714285716,0.8571428571428571,3.5714285714285716
298,9.4,5,2.6,0.2,1.0
299,9.666666666666666,3,3.6666666666666665,0.0,2.0
300,12.25,12,3.0833333333333335,0.4166666666666667,2.9166666666666665
301,13.8,5,5.0,0.2,2.0
302,15.25,4,3.75,0.0,3.0
303,11.5,8,5.0,0.125,3.0
304,13.4,5,2.8,0.2,1.6
305,11.25,4,1.75,0.25,2.75
306,10.833333333333334,6,1.8333333333333333,0.3333333333333333,3.0
307,11.4,10,3.5,0.2,2.0
308,16.0,4,5.5,0.25,2.5
309,11.8,5,2.2,0.6,3.2
310,12.666666666666666,3,2.3333333333333335,0.6666666666666666,3.0
311,11.75,8,2.625,0.375,2.875
312,8.0,5,2.2,0.2,2.2
313,8.666666666666666,6,2.8333333333333335,0.3333333333333333,2.5
314,10.333333333333334,3,2.6666666666666665,0.3333333333333333,3.0
315,11.0,5,4.2,0.2,3.0
316,11.6,5,3.8,0.2,2.0
317,14.6,5,4.4,0.6,2.8
318,12.416666666666666,12,3.6666666666666665,0.3333333333333333,2.3333333333333335
320,11.8,5,2.6,0.6,1.8
322,10.909090909090908,11,3.6363636363636362,0.45454545454545453,2.272727272727273
323,9.625,8,2.75,0.25,2.625
324,12.142857142857142,7,3.4285714285714284,0.14285714285714285,2.0
325,13.142857142857142,7,2.2857142857142856,0.42857142857142855,2.0
326,8.75,4,1.5,0.25,2.5
327,10.25,4,1.25,0.25,2.75
328,11.571428571428571,7,3.5714285714285716,0.2857142857142857,3.0
329,9.142857142857142,7,3.7142857142857144,0.14285714285714285,2.7142857142857144
330,15.666666666666666,3,2.6666666666666665,0.0,2.6666666666666665
331,6.6,5,5.4,0.2,2.8
332,11.545454545454545,11,3.090909090909091,0.36363636363636365,2.6363636363636362
333,11.125,8,2.625,0.375,3.0
334,10.0,10,2.8,0.3,3.2
335,15.444444444444445,9,3.111111111111111,0.1111111111111111,2.6666666666666665
336,13.333333333333334,6,1.0,0.3333333333333333,1.6666666666666667
337,15.0,5,2.4,0.6,2.0
338,10.0,10,3.1,0.1,3.2
339,14.5,4,4.75,0.75,2.25
341,13.571428571428571,7,2.5714285714285716,0.14285714285714285,2.4285714285714284
342,13.2,5,3.2,0.2,2.6
343,10.857142857142858,7,4.0,0.42857142857142855,3.0
344,13.0,4,2.75,0.5,3.25
345,7.666666666666667,3,1.0,0.0,3.3333333333333335
346,14.666666666666666,3,2.0,0.3333333333333333,3.6666666666666665
347,13.666666666666666,3,0.6666666666666666,0.0,3.0
348,13.181818181818182,11,5.0,0.45454545454545453,2.6363636363636362
349,10.166666666666666,6,7.333333333333333,0.16666666666666666,3.0
350,17.0,3,4.333333333333333,0.0,3.0
351,9.6,5,3.8,0.8,2.4
352,10.0,3,6.0,0.6666666666666666,1.0
353,9.75,4,2.75,0.0,1.75
354,11.6,5,1.6,0.4,2.8
356,8.933333333333334,15,3.8,0.26666666666666666,2.6666666666666665
357,10.444444444444445,9,1.7777777777777777,0.2222222222222222,2.4444444444444446
358,12.333333333333334,6,1.5,0.3333333333333333,2.0
359,12.166666666666666,6,2.8333333333333335,0.5,2.6666666666666665
360,9.333333333333334,3,3.0,0.6666666666666666,2.6666666666666665
361,11.333333333333334,3,4.666666666666667,0.0,3.6666666666666665
362,14.166666666666666,6,2.6666666666666665,0.16666666666666666,3.5
363,13.166666666666666,6,4.0,0.5,3.1666666666666665
365,9.6,5,2.2,0.0,2.4
366,12.555555555555555,9,3.2222222222222223,0.5555555555555556,3.2222222222222223
367,15.714285714285714,7,2.2857142857142856,0.14285714285714285,2.2857142857142856
369,12.4,5,2.6,0.2,2.2
370,11.142857142857142,7,4.0,0.14285714285714285,3.142857142857143
372,12.0,4,3.0,0.0,2.75
373,10.333333333333334,9,2.888888888888889,0.5555555555555556,3.2222222222222223
374,7.666666666666667,3,6.333333333333333,0.6666666666666666,3.0
375,12.333333333333334,6,2.6666666666666665,0.16666666666666666,3.1666666666666665
376,9.8,5,2.0,0.0,2.4
377,13.11111111111111,9,3.4444444444444446,0.5555555555555556,2.6666666666666665
378,12.142857142857142,7,1.0,0.14285714285714285,2.5714285714285716
379,10.538461538461538,13,2.4615384615384617,0.3076923076923077,3.230769230769231
380,12.428571428571429,7,3.2857142857142856,0.14285714285714285,2.0
381,9.333333333333334,3,3.3333333333333335,0.6666666666666666,3.6666666666666665
382,16.666666666666668,3,3.6666666666666665,0.0,2.0
383,10.6,5,2.0,0.0,2.4
384,6.25,4,3.25,0.25,3.25
385,10.454545454545455,11,2.272727272727273,0.0,2.272727272727273
386,16.0,6,2.8333333333333335,0.16666666666666666,2.3333333333333335
387,10.0,6,3.6666666666666665,0.16666666666666666,2.5
388,11.5,8,2.625,0.25,3.375
389,14.666666666666666,9,1.7777777777777777,0.1111111111111111,2.2222222222222223
390,9.333333333333334,6,3.8333333333333335,0.16666666666666666,2.6666666666666665
391,12.142857142857142,14,3.7142857142857144,0.42857142857142855,2.5
392,14.0,4,4.0,0.5,3.5
393,14.222222222222221,9,2.3333333333333335,0.2222222222222222,2.4444444444444446
394,12.428571428571429,7,5.142857142857143,0.14285714285714285,2.857142857142857
395,14.5,6,4.5,0.3333333333333333,2.3333333333333335
396,11.8,5,3.0,0.2,1.8
397,9.6,5,2.6,0.2,2.4
398,13.285714285714286,7,4.428571428571429,0.5714285714285714,3.0
399,13.166666666666666,6,1.8333333333333333,0.5,2.3333333333333335
400,7.8,5,4.2,0.2,2.8
401,13.0,5,2.4,0.0,1.8
402,13.4,10,3.3,0.1,3.2
403,12.11111111111111,9,2.888888888888889,0.2222222222222222,2.7777777777777777
404,13.0,5,2.2,0.2,2.4
405,9.6,10,2.1,0.3,2.1
406,12.142857142857142,7,3.857142857142857,0.2857142857142857,2.4285714285714284
407,13.333333333333334,6,3.8333333333333335,0.3333333333333333,2.3333333333333335
408,10.4,5,3.0,0.6,2.0
409,11.8,5,5.2,0.4,1.8
410,11.8,5,6.6,0.6,2.2
412,14.4,5,4.6,0.2,3.4
413,10.6,5,2.2,0.4,2.6
414,11.0,8,3.25,0.5,1.375
415,15.666666666666666,6,3.8333333333333335,0.0,2.0
416,9.75,12,2.9166666666666665,0.16666666666666666,3.1666666666666665
417,10.25,4,1.5,0.0,2.5
418,9.75,8,3.0,0.25,2.5
419,11.727272727272727,11,2.5454545454545454,0.7272727272727273,2.6363636363636362
420,13.25,4,1.25,0.0,1.75
421,8.8,5,4.2,0.2,3.4
422,9.857142857142858,7,2.7142857142857144,0.14285714285714285,2.7142857142857144
423,13.0,6,3.1666666666666665,0.16666666666666666,3.0
424,12.4,5,2.6,0.0,2.2
425,13.2,5,1.2,0.2,2.6
426,14.4,5,1.8,0.0,2.6
427,11.428571428571429,7,3.142857142857143,0.2857142857142857,3.142857142857143
428,13.8,5,1.6,0.4,2.4
430,12.0,5,3.0,0.2,3.2
431,12.428571428571429,7,4.857142857142857,0.42857142857142855,2.7142857142857144
432,12.2,5,3.8,0.6,2.0
433,11.272727272727273,11,3.8181818181818183,0.6363636363636364,2.8181818181818183
434,9.0,4,1.25,0.25,3.0
435,12.875,8,3.0,0.25,1.875
436,12.0,6,4.166666666666667,0.16666666666666666,3.0
437,12.333333333333334,3,5.0,0.3333333333333333,3.0
438,12.25,8,2.375,0.25,3.0
439,9.0,7,3.857142857142857,0.8571428571428571,2.857142857142857
440,12.166666666666666,6,1.5,0.0,2.5
441,12.0,4,4.75,0.25,3.25
442,12.0,7,2.0,0.14285714285714285,2.857142857142857
443,14.0,6,2.1666666666666665,0.0,2.6666666666666665
444,10.555555555555555,9,5.888888888888889,0.4444444444444444,2.6666666666666665
446,16.4,5,1.4,0.4,2.6
447,14.5,6,3.0,0.3333333333333333,2.6666666666666665
448,6.4,5,5.2,0.8,2.8
449,7.5,8,2.25,0.125,2.25
450,13.0,4,2.0,0.25,1.0
451,14.625,8,1.625,0.625,2.625
452,13.0,3,5.0,0.3333333333333333,1.0
454,9.75,4,2.75,0.0,3.25
455,8.4,5,3.4,0.2,3.6
458,12.714285714285714,7,1.5714285714285714,0.2857142857142857,2.2857142857142856
459,9.166666666666666,6,6.0,0.16666666666666666,2.8333333333333335
460,11.5,8,2.0,0.125,3.375
462,12.333333333333334,9,2.4444444444444446,0.4444444444444444,1.7777777777777777
464,11.75,4,4.25,0.25,2.75
466,11.0,3,0.6666666666666666,0.0,2.3333333333333335
467,13.125,8,4.0,0.375,2.625
468,11.333333333333334,6,3.1666666666666665,0.3333333333333333,2.8333333333333335
470,10.428571428571429,7,2.5714285714285716,0.42857142857142855,1.7142857142857142
471,12.0,5,0.8,0.2,2.6
472,14.0,10,2.2,0.1,2.4
474,12.3,10,3.8,0.5,2.3
475,15.666666666666666,3,2.0,0.3333333333333333,2.0
476,10.666666666666666,3,0.3333333333333333,0.3333333333333333,3.0
477,13.0,7,3.2857142857142856,0.42857142857142855,2.5714285714285716
478,14.0,4,3.75,0.0,3.0
479,11.625,8,3.125,0.375,2.25
480,12.857142857142858,7,2.7142857142857144,0.2857142857142857,2.4285714285714284
481,11.5,8,3.25,0.125,2.0
482,9.166666666666666,6,4.0,0.6666666666666666,1.3333333333333333
483,15.571428571428571,7,4.714285714285714,0.2857142857142857,2.142857142857143
484,7.8,5,4.0,0.6,2.6
485,8.25,4,3.25,0.0,3.25
486,5.25,4,3.25,0.5,2.5
487,14.8,5,0.8,0.0,1.6
488,14.4,5,6.0,0.2,3.6
490,12.5,6,4.666666666666667,0.16666666666666666,2.0
491,11.25,8,3.5,0.5,2.875
492,10.666666666666666,9,2.4444444444444446,0.3333333333333333,2.888888888888889
493,12.9,10,2.7,0.2,2.6
494,9.125,8,1.75,0.125,2.25
495,11.375,8,3.625,0.375,2.75
496,11.571428571428571,7,3.7142857142857144,0.2857142857142857,2.5714285714285716
497,14.333333333333334,3,4.333333333333333,0.6666666666666666,2.6666666666666665
498,12.25,4,3.5,0.25,2.5
499,10.333333333333334,6,4.166666666666667,0.5,2.8333333333333335
500,15.333333333333334,3,1.0,0.6666666666666666,1.3333333333333333
502,12.857142857142858,7,2.7142857142857144,0.2857142857142857,2.4285714285714284
503,12.5,8,1.875,0.125,1.625
505,13.142857142857142,7,3.142857142857143,0.42857142857142855,3.4285714285714284
506,13.23076923076923,13,2.6923076923076925,0.3076923076923077,2.4615384615384617
507,13.5,4,3.5,0.5,3.0
508,14.555555555555555,9,3.888888888888889,0.2222222222222222,2.5555555555555554
509,14.75,8,2.0,0.125,3.125
511,15.0,7,3.0,0.14285714285714285,3.0
513,11.6,5,2.2,0.2,3.6
514,11.25,8,1.5,0.375,3.25
515,12.625,8,2.375,0.25,3.375
516,14.0,6,3.1666666666666665,0.5,3.1666666666666665
517,12.714285714285714,7,2.857142857142857,0.42857142857142855,2.857142857142857
518,10.0,3,4.333333333333333,0.3333333333333333,1.6666666666666667
519,9.25,4,1.75,0.25,3.25
520,9.75,4,5.0,0.25,2.5
521,15.4,5,2.0,0.2,2.2
522,9.714285714285714,7,3.857142857142857,0.2857142857142857,2.0
523,9.0,4,4.25,0.25,3.0
524,12.1,10,2.9,0.4,2.2
525,15.25,4,1.75,0.25,3.25
526,10.0,6,3.8333333333333335,0.3333333333333333,3.5
527,13.6,5,3.6,0.0,2.8
528,10.875,8,2.125,0.0,3.375
529,11.5,6,2.8333333333333335,0.3333333333333333,3.0
530,10.333333333333334,3,5.666666666666667,0.3333333333333333,3.0
531,8.0,7,2.2857142857142856,0.14285714285714285,2.857142857142857
532,11.583333333333334,12,2.9166666666666665,0.25,2.75
533,16.5,4,4.5,0.0,3.0
534,15.0,11,3.1818181818181817,0.18181818181818182,2.5454545454545454
535,16.4,5,1.8,0.4,1.8
536,12.555555555555555,9,2.0,0.4444444444444444,2.2222222222222223
537,11.125,8,4.75,0.5,2.625
538,13.4,5,1.8,0.6,2.6
539,12.833333333333334,6,3.3333333333333335,0.5,2.6666666666666665
540,12.75,4,2.25,0.25,2.5
541,9.666666666666666,3,3.3333333333333335,0.0,2.6666666666666665
542,13.0,4,2.75,0.0,4.0
543,12.2,5,4.2,0.2,2.6
544,14.666666666666666,3,2.6666666666666665,0.0,1.3333333333333333
545,11.0,7,4.0,0.42857142857142855,2.4285714285714284
547,10.4,5,0.4,0.0,2.8
548,9.857142857142858,7,0.7142857142857143,0.0,2.5714285714285716
549,13.25,4,3.0,0.5,1.75
550,11.375,8,2.25,0.375,2.375
551,8.833333333333334,6,3.0,0.16666666666666666,2.5
552,13.666666666666666,6,5.833333333333333,0.16666666666666666,2.8333333333333335
553,15.0,3,3.3333333333333335,0.3333333333333333,2.6666666666666665
554,12.666666666666666,6,2.6666666666666665,0.5,2.8333333333333335
555,10.666666666666666,6,2.0,0.16666666666666666,2.6666666666666665
556,13.0,6,2.0,0.16666666666666666,2.6666666666666665
557,12.5,8,3.125,0.125,2.625
558,13.666666666666666,6,6.5,0.0,2.6666666666666665
559,11.75,8,2.25,0.125,1.875
560,9.0,4,3.0,0.75,1.75
562,11.1,10,2.4,0.3,3.2
563,12.25,4,1.75,0.25,2.75
564,14.428571428571429,7,0.5714285714285714,0.42857142857142855,2.7142857142857144
566,11.0,3,3.3333333333333335,0.3333333333333333,1.3333333333333333
567,13.142857142857142,7,3.4285714285714284,0.42857142857142855,2.5714285714285716
568,12.0,5,2.6,0.4,3.4
569,9.375,8,2.0,0.25,2.25
570,8.833333333333334,6,2.1666666666666665,0.5,2.5
572,14.666666666666666,6,2.8333333333333335,0.3333333333333333,3.3333333333333335
573,12.625,8,3.375,0.0,3.125
574,14.2,5,4.2,0.2,3.4
575,11.333333333333334,3,0.6666666666666666,0.0,3.3333333333333335
577,11.8,5,4.4,0.4,3.4
578,12.142857142857142,7,2.7142857142857144,0.14285714285714285,2.5714285714285716
579,10.625,8,3.25,0.25,3.0
580,13.2,5,3.0,0.4,3.0
581,12.666666666666666,6,2.3333333333333335,0.0,3.3333333333333335
582,10.8,5,3.8,0.2,1.6
584,14.333333333333334,6,1.6666666666666667,0.0,2.5
585,8.5,4,3.5,1.0,2.75
586,10.4,5,5.2,0.2,2.4
587,12.166666666666666,6,3.6666666666666665,0.0,2.3333333333333335
588,11.0,9,2.7777777777777777,0.4444444444444444,2.4444444444444446
589,14.285714285714286,7,4.0,0.14285714285714285,2.4285714285714284
590,11.1,10,2.7,0.4,2.1
592,13.625,8,3.125,0.125,2.75
593,13.0,3,5.666666666666667,0.3333333333333333,2.0
594,11.6,5,3.2,0.4,1.8
595,9.5,6,1.0,0.5,2.5
596,11.4,5,1.6,0.4,3.6
597,11.2,5,2.2,0.8,2.2
599,13.777777777777779,9,2.888888888888889,0.3333333333333333,3.0
600,12.5,6,0.8333333333333334,0.3333333333333333,2.1666666666666665
601,12.0,3,0.6666666666666666,0.3333333333333333,4.0
602,11.333333333333334,6,1.0,0.3333333333333333,3.0
603,9.666666666666666,6,5.333333333333333,0.16666666666666666,4.0
604,8.0,6,4.166666666666667,0.6666666666666666,1.8333333333333333
605,15.25,4,3.5,0.25,2.25
606,10.8,5,2.8,0.2,3.4
607,11.625,8,2.625,0.25,3.625
608,13.3,10,3.8,0.3,2.3
609,15.333333333333334,6,2.1666666666666665,0.0,2.0
611,9.5,4,3.0,0.75,3.25
612,15.666666666666666,3,1.3333333333333333,0.0,2.3333333333333335
613,18.666666666666668,3,4.333333333333333,0.0,2.6666666666666665
614,13.0,4,2.0,0.25,1.0
615,12.333333333333334,6,3.8333333333333335,0.5,2.8333333333333335
616,12.3,10,2.5,0.3,2.8
617,7.625,8,2.25,0.375,3.25
618,11.4,5,3.8,0.4,2.4
619,7.0,3,6.333333333333333,0.6666666666666666,2.6666666666666665
620,12.0,5,2.2,0.0,2.6
621,11.444444444444445,9,3.6666666666666665,0.5555555555555556,3.0
622,13.666666666666666,12,2.4166666666666665,0.16666666666666666,2.3333333333333335
623,13.0,6,4.166666666666667,0.16666666666666666,2.0
624,14.0,6,2.1666666666666665,0.16666666666666666,2.5
625,10.285714285714286,7,1.8571428571428572,0.42857142857142855,2.5714285714285716
626,9.8,10,3.3,0.4,1.9
627,16.666666666666668,6,4.5,0.0,2.5
628,13.4,5,3.0,0.2,1.8
629,12.0,5,4.0,0.4,2.8
630,8.6,5,1.0,0.0,2.8
631,10.0,8,2.25,0.25,2.625
632,13.625,8,4.875,0.5,2.0
633,13.0,6,4.5,0.5,3.1666666666666665
634,16.142857142857142,7,4.142857142857143,0.7142857142857143,3.2857142857142856
635,5.666666666666667,3,1.3333333333333333,0.3333333333333333,1.3333333333333333
636,9.2,10,3.2,0.4,2.7
637,11.333333333333334,3,2.6666666666666665,0.0,2.0
638,12.166666666666666,6,3.0,0.0,2.5
639,12.4,10,4.7,0.4,2.7
640,13.666666666666666,3,4.333333333333333,0.3333333333333333,3.3333333333333335
641,7.333333333333333,3,2.0,0.6666666666666666,2.0
642,14.166666666666666,6,4.833333333333333,0.0,1.8333333333333333
643,13.833333333333334,6,3.3333333333333335,0.6666666666666666,2.5
644,13.428571428571429,7,3.4285714285714284,0.2857142857142857,2.4285714285714284
645,9.25,4,2.25,0.5,2.25
646,10.88888888888889,9,3.3333333333333335,0.2222222222222222,2.7777777777777777
647,12.166666666666666,6,2.3333333333333335,0.3333333333333333,3.0
648,12.4,5,2.4,0.4,1.8
649,8.25,4,2.5,0.25,2.25
650,14.5,8,4.125,0.125,2.875
651,11.5,10,3.6,0.4,3.0
652,10.0,3,5.0,0.0,3.0
653,11.714285714285714,7,4.714285714285714,0.42857142857142855,2.7142857142857144
654,10.142857142857142,7,2.0,0.14285714285714285,3.142857142857143
655,10.333333333333334,6,3.8333333333333335,0.3333333333333333,3.5
656,11.583333333333334,12,3.5833333333333335,0.25,3.25
657,6.5,4,5.0,0.5,1.75
658,11.0,6,2.6666666666666665,0.16666666666666666,3.3333333333333335
659,11.0,7,2.2857142857142856,0.14285714285714285,2.0
660,10.666666666666666,9,2.5555555555555554,0.1111111111111111,2.0
661,13.8,5,3.0,0.0,2.4
662,11.428571428571429,7,2.2857142857142856,0.14285714285714285,2.857142857142857
663,12.0,3,0.0,0.0,3.0
664,13.714285714285714,7,3.2857142857142856,0.0,2.7142857142857144
665,9.857142857142858,7,2.7142857142857144,0.42857142857142855,2.5714285714285716
666,7.333333333333333,3,1.6666666666666667,0.6666666666666666,1.0
667,11.0,3,1.3333333333333333,0.0,2.6666666666666665
668,11.3,10,4.7,0.3,2.7
669,10.0,8,2.625,0.25,1.5
670,6.0,5,1.4,0.2,3.2
671,10.75,4,4.25,0.0,2.25
672,13.4,5,5.8,0.2,2.8
673,12.0,3,6.333333333333333,0.3333333333333333,2.3333333333333335
674,12.5,4,3.75,0.0,3.0
675,14.0,6,2.3333333333333335,0.16666666666666666,2.5
676,10.0,7,3.4285714285714284,0.42857142857142855,3.2857142857142856
678,10.4,5,3.6,0.6,3.6
679,12.6,5,2.8,0.2,2.6
680,14.75,4,4.5,0.25,1.75
681,12.571428571428571,7,5.142857142857143,0.2857142857142857,2.5714285714285716
682,11.75,4,1.0,0.25,2.0
683,12.857142857142858,7,2.857142857142857,0.2857142857142857,3.142857142857143
685,15.142857142857142,7,3.5714285714285716,0.14285714285714285,1.4285714285714286
686,9.8,5,4.2,0.4,2.2
687,11.833333333333334,6,4.333333333333333,0.3333333333333333,2.6666666666666665
688,10.333333333333334,3,7.333333333333333,0.3333333333333333,4.0
689,11.833333333333334,6,2.8333333333333335,0.16666666666666666,2.6666666666666665
690,6.2,5,4.4,0.4,3.2
691,7.333333333333333,6,2.6666666666666665,0.16666666666666666,2.0
692,10.0,11,3.8181818181818183,0.45454545454545453,1.7272727272727273
693,11.11111111111111,9,4.555555555555555,0.3333333333333333,2.5555555555555554
694,12.6,5,2.2,0.4,2.4
695,7.75,4,3.5,0.25,2.5
697,13.166666666666666,6,3.6666666666666665,0.5,3.1666666666666665
699,15.4,5,2.4,0.2,2.8
700,13.875,8,2.625,0.25,2.25
701,12.714285714285714,7,3.142857142857143,0.14285714285714285,3.2857142857142856
702,10.0,10,1.9,0.1,3.2
703,9.25,8,3.0,0.5,1.75
704,10.857142857142858,7,3.857142857142857,0.5714285714285714,3.7142857142857144
705,9.4,5,3.0,0.2,1.6
706,12.333333333333334,12,3.9166666666666665,0.5833333333333334,2.5833333333333335
707,10.142857142857142,7,3.5714285714285716,0.42857142857142855,3.4285714285714284
708,10.2,5,4.0,0.6,2.6
709,12.0,7,3.857142857142857,0.2857142857142857,2.4285714285714284
710,12.333333333333334,6,2.5,0.16666666666666666,3.1666666666666665
711,11.0,6,4.0,0.3333333333333333,1.6666666666666667
712,12.833333333333334,6,2.8333333333333335,0.16666666666666666,3.0
713,9.666666666666666,3,0.6666666666666666,0.0,2.3333333333333335
714,12.142857142857142,7,2.7142857142857144,0.2857142857142857,2.857142857142857
715,14.857142857142858,7,4.285714285714286,0.0,2.7142857142857144
716,11.5,4,2.25,0.25,2.75
717,12.571428571428571,7,1.5714285714285714,0.2857142857142857,3.0
718,11.0,6,3.0,0.3333333333333333,2.3333333333333335
719,10.2,5,2.0,0.0,2.0
720,10.5,6,3.0,0.3333333333333333,1.8333333333333333
721,12.6,10,3.6,0.2,2.0
722,12.916666666666666,12,3.0,0.08333333333333333,3.0833333333333335
723,8.75,4,5.0,0.5,3.25
724,8.666666666666666,6,4.166666666666667,0.16666666666666666,3.0
725,12.333333333333334,3,3.6666666666666665,0.6666666666666666,3.3333333333333335
726,11.7,10,2.8,0.2,2.1
727,13.857142857142858,7,4.0,0.7142857142857143,2.857142857142857
728,12.125,8,3.5,0.25,2.0
729,14.166666666666666,6,0.5,0.0,2.3333333333333335
730,12.0,3,5.0,0.3333333333333333,2.3333333333333335
731,11.0,7,4.428571428571429,0.42857142857142855,3.2857142857142856
732,10.4,10,2.4,0.1,2.7
733,12.333333333333334,3,3.0,0.3333333333333333,2.0
734,15.571428571428571,7,2.7142857142857144,0.14285714285714285,2.4285714285714284
735,12.333333333333334,9,1.4444444444444444,0.2222222222222222,1.8888888888888888
736,14.625,8,3.375,0.25,3.125
737,8.4,5,1.4,0.4,2.4
738,12.333333333333334,6,4.0,0.3333333333333333,2.1666666666666665
739,9.666666666666666,3,7.0,0.6666666666666666,3.0
740,14.0,5,3.0,0.2,3.8
741,14.25,4,2.25,0.25,2.25
742,15.0,3,3.0,0.0,1.0
743,11.25,8,5.75,0.625,2.5
744,11.75,4,1.25,0.25,2.25
745,12.5,8,3.0,0.0,2.125
746,10.333333333333334,9,2.3333333333333335,0.1111111111111111,2.3333333333333335
747,9.8,5,3.2,0.4,1.8
748,12.5,6,3.3333333333333335,0.3333333333333333,1.8333333333333333
749,13.6,5,4.2,0.8,2.4
750,17.0,5,4.6,0.2,2.6
751,10.4,5,3.8,0.2,1.8
752,11.0,12,2.6666666666666665,0.25,2.9166666666666665
753,9.166666666666666,6,4.5,0.5,3.1666666666666665
754,9.0,8,3.125,0.375,2.25
755,10.0,5,4.4,0.6,2.0
756,9.8,5,3.6,0.2,3.8
757,10.428571428571429,7,2.857142857142857,0.14285714285714285,2.4285714285714284
758,9.8,5,0.6,0.0,2.0
759,13.6,5,3.0,0.6,2.8
760,12.714285714285714,7,3.7142857142857144,0.2857142857142857,2.2857142857142856
761,12.25,4,1.5,0.5,2.25
762,8.6,5,2.4,0.2,2.4
763,7.5,6,6.166666666666667,0.6666666666666666,3.1666666666666665
764,12.2,5,3.0,0.4,3.2
765,16.666666666666668,3,1.6666666666666667,0.3333333333333333,3.0
766,12.9,10,2.8,0.1,2.3
767,11.25,4,6.0,0.5,1.75
768,11.166666666666666,6,3.3333333333333335,0.3333333333333333,2.8333333333333335
769,12.714285714285714,7,3.2857142857142856,0.42857142857142855,2.2857142857142856
770,12.333333333333334,3,3.3333333333333335,0.0,4.0
771,10.666666666666666,3,4.0,0.6666666666666666,2.0
772,8.6,5,3.4,0.2,3.0
773,7.8,5,3.2,0.4,1.8
774,13.5,4,1.0,0.25,2.5
775,9.4,5,5.8,0.6,1.0
776,11.166666666666666,6,2.0,0.5,4.0
777,12.571428571428571,7,3.0,0.2857142857142857,3.0
778,10.2,5,2.4,0.0,2.2
779,11.75,4,6.75,0.5,2.0
780,11.333333333333334,9,5.333333333333333,0.2222222222222222,2.3333333333333335
781,13.833333333333334,6,2.3333333333333335,0.16666666666666666,3.0
782,12.0,4,1.75,0.25,4.0
783,12.571428571428571,7,3.7142857142857144,0.14285714285714285,2.857142857142857
784,10.25,4,2.25,0.5,3.25
785,15.2,10,2.2,0.4,2.7
786,13.714285714285714,7,2.4285714285714284,0.42857142857142855,2.5714285714285716
787,9.571428571428571,7,2.4285714285714284,0.14285714285714285,2.857142857142857
788,14.285714285714286,7,3.4285714285714284,0.42857142857142855,3.0
789,12.333333333333334,9,1.3333333333333333,0.0,2.888888888888889
790,10.666666666666666,9,4.333333333333333,0.4444444444444444,2.6666666666666665
791,11.5,6,2.8333333333333335,0.6666666666666666,1.8333333333333333
792,17.5,4,2.5,0.5,2.0
793,12.0,3,3.3333333333333335,0.6666666666666666,1.6666666666666667
794,11.25,8,3.375,0.25,2.25
795,9.090909090909092,11,2.090909090909091,0.09090909090909091,2.727272727272727
796,10.0,7,3.142857142857143,0.42857142857142855,2.7142857142857144
797,9.428571428571429,7,1.5714285714285714,0.2857142857142857,2.5714285714285716
798,10.833333333333334,6,4.333333333333333,0.5,3.8333333333333335
799,10.333333333333334,3,3.6666666666666665,0.6666666666666666,3.0
800,9.25,8,3.25,0.25,2.375
801,15.4,5,2.2,0.2,2.8
804,15.75,4,1.5,0.0,4.0
805,10.25,4,4.0,0.5,2.0
806,16.0,4,3.0,0.0,2.25
808,10.6,5,1.0,0.0,2.8
809,12.0,4,3.0,0.25,2.75
810,10.5,4,1.0,0.25,3.0
811,8.666666666666666,3,2.6666666666666665,0.6666666666666666,4.0
813,12.8,5,0.6,0.2,3.2
815,10.0,3,3.6666666666666665,0.6666666666666666,3.6666666666666665
816,9.25,4,3.5,0.0,1.75
817,6.666666666666667,3,2.6666666666666665,0.3333333333333333,2.3333333333333335
819,10.25,4,3.5,0.25,2.5
821,8.5,4,1.25,0.25,2.5
824,10.5,6,1.0,0.16666666666666666,2.0
825,11.25,4,2.75,0.25,2.75
826,13.333333333333334,3,3.3333333333333335,0.0,2.6666666666666665
827,13.2,5,3.0,0.4,2.8
828,6.333333333333333,3,3.3333333333333335,0.0,1.6666666666666667
830,13.75,4,7.75,0.0,3.25
831,10.5,4,3.0,0.0,2.0
832,14.25,4,1.0,0.0,1.75
833,8.333333333333334,3,7.0,0.0,1.6666666666666667
834,9.25,4,4.25,0.5,2.0
836,11.0,3,4.333333333333333,0.6666666666666666,4.0
837,13.4,5,4.4,0.4,2.8
842,11.2,5,2.0,0.4,2.4
847,14.0,5,3.4,0.0,3.2
848,12.5,4,1.25,0.0,2.75
849,14.25,4,2.0,0.25,3.0
850,13.0,5,3.0,0.0,1.6
851,13.75,4,4.25,0.0,3.5
853,12.142857142857142,7,3.4285714285714284,0.14285714285714285,2.4285714285714284
854,15.0,6,3.1666666666666665,0.16666666666666666,3.0
855,14.333333333333334,3,3.6666666666666665,0.6666666666666666,2.3333333333333335
857,7.666666666666667,3,2.3333333333333335,0.0,2.0
859,11.375,8,3.25,0.25,2.5
861,13.714285714285714,7,3.142857142857143,0.2857142857142857,2.4285714285714284
862,8.6,5,6.2,0.4,3.0
863,6.333333333333333,6,2.3333333333333335,0.16666666666666666,3.0
864,9.333333333333334,3,2.3333333333333335,0.3333333333333333,3.0
865,11.6,5,2.8,0.6,3.0
866,12.0,6,3.8333333333333335,0.16666666666666666,3.0
868,14.333333333333334,3,4.333333333333333,0.6666666666666666,2.3333333333333335
869,8.666666666666666,3,1.3333333333333333,0.0,2.3333333333333335
871,9.0,4,4.0,0.25,2.75
872,14.8,5,5.6,0.2,2.6
873,11.666666666666666,3,8.0,0.0,3.3333333333333335
874,11.6,5,3.0,0.2,2.2
877,11.25,4,3.0,0.25,2.5
880,11.0,3,1.6666666666666667,0.0,1.6666666666666667
882,14.333333333333334,3,4.333333333333333,1.0,2.3333333333333335
883,8.8,5,2.8,0.6,3.2
884,11.0,4,3.25,0.5,3.25
885,11.0,3,3.6666666666666665,0.0,2.0
886,14.0,3,3.0,0.0,3.6666666666666665
887,11.333333333333334,9,1.0,0.1111111111111111,3.111111111111111
888,14.666666666666666,3,1.0,0.0,3.3333333333333335
889,13.0,3,3.0,0.6666666666666666,1.6666666666666667
890,13.333333333333334,3,4.333333333333333,0.0,2.0
893,13.666666666666666,6,1.3333333333333333,0.3333333333333333,1.6666666666666667
894,10.0,3,3.3333333333333335,0.6666666666666666,2.0
895,18.0,3,2.3333333333333335,0.3333333333333333,2.3333333333333335
896,7.0,5,4.2,0.6,2.8
897,11.333333333333334,3,2.3333333333333335,0.0,3.6666666666666665
899,12.4,5,3.0,0.4,1.8
900,10.333333333333334,3,0.6666666666666666,0.0,2.3333333333333335
901,12.0,7,2.857142857142857,0.5714285714285714,2.2857142857142856
902,9.333333333333334,3,3.0,0.6666666666666666,3.6666666666666665
904,11.333333333333334,3,3.6666666666666665,0.6666666666666666,2.3333333333333335
905,10.5,4,6.0,0.5,2.5
906,16.0,3,5.0,0.3333333333333333,3.0
907,14.0,4,2.75,0.5,2.25
908,11.5,4,3.25,0.5,2.5
909,14.0,8,2.25,0.125,2.625
910,12.571428571428571,7,2.5714285714285716,0.2857142857142857,3.0
911,13.6,5,3.4,0.4,2.4
912,13.5,4,4.25,0.5,2.0
914,10.5,4,5.0,0.25,2.25
915,8.0,4,4.75,0.5,3.5
916,13.0,3,1.3333333333333333,0.3333333333333333,1.0
918,16.5,4,0.5,0.0,2.5
919,14.285714285714286,7,2.7142857142857144,0.2857142857142857,3.0
920,13.285714285714286,7,2.2857142857142856,0.2857142857142857,3.0
921,11.0,6,2.8333333333333335,0.3333333333333333,3.5
922,10.8,5,2.6,0.8,2.2
923,11.0,4,2.75,0.5,3.25
924,12.2,5,5.0,0.2,3.0
925,10.666666666666666,6,2.1666666666666665,0.16666666666666666,1.8333333333333333
926,13.333333333333334,3,5.0,0.6666666666666666,1.6666666666666667
929,12.833333333333334,6,2.8333333333333335,0.3333333333333333,1.6666666666666667
930,6.5,4,3.5,0.0,2.25
932,5.666666666666667,3,1.0,0.0,2.6666666666666665
934,16.75,4,1.0,0.0,2.5
937,12.0,6,2.8333333333333335,0.5,2.3333333333333335
939,9.25,4,1.25,0.0,2.75
940,12.0,4,2.5,0.0,3.25
941,13.4,5,1.6,0.2,2.0
942,11.6,5,1.0,0.2,1.6
943,13.5,4,3.25,0.5,3.0
946,10.666666666666666,3,2.3333333333333335,0.3333333333333333,3.0
949,11.333333333333334,3,1.0,0.3333333333333333,3.6666666666666665
950,11.0,3,5.666666666666667,0.3333333333333333,1.6666666666666667
952,14.8,5,3.0,0.4,2.4
953,12.0,4,6.0,0.5,2.5
954,12.2,5,3.0,0.2,1.8
958,7.0,3,1.0,0.0,2.6666666666666665
959,11.142857142857142,7,4.0,0.42857142857142855,2.2857142857142856
960,6.714285714285714,7,1.7142857142857142,0.2857142857142857,2.2857142857142856
961,13.25,4,5.75,0.5,2.0
962,14.6,5,2.8,0.4,2.2
963,10.75,4,1.5,0.25,3.0
964,14.2,5,2.8,0.4,2.4
965,16.333333333333332,3,1.6666666666666667,0.3333333333333333,1.3333333333333333
966,12.4,5,3.8,0.6,2.4
968,9.666666666666666,3,6.333333333333333,0.3333333333333333,2.3333333333333335
969,8.333333333333334,3,5.666666666666667,0.3333333333333333,4.0
974,9.2,5,3.6,0.2,2.6
975,12.666666666666666,3,4.333333333333333,1.0,3.0
976,10.8,5,2.8,0.0,2.8
977,14.666666666666666,3,3.3333333333333335,0.0,2.6666666666666665
978,10.5,4,2.75,0.5,3.0
979,10.333333333333334,3,2.3333333333333335,0.3333333333333333,2.0
980,11.666666666666666,3,3.0,0.3333333333333333,2.6666666666666665
981,6.25,4,3.0,0.5,2.0
982,11.333333333333334,6,5.333333333333333,0.5,1.8333333333333333
983,12.4,5,2.4,0.0,2.8
984,14.0,3,5.0,0.3333333333333333,3.0
985,16.333333333333332,3,5.666666666666667,0.0,2.0
987,11.4,5,5.2,0.4,1.6
988,8.5,4,6.5,0.25,2.5
990,10.666666666666666,3,2.6666666666666665,0.6666666666666666,1.3333333333333333
991,12.0,3,1.6666666666666667,0.3333333333333333,1.0
992,14.666666666666666,3,3.6666666666666665,0.3333333333333333,1.3333333333333333
993,10.333333333333334,3,3.3333333333333335,0.3333333333333333,2.3333333333333335
994,10.428571428571429,7,2.857142857142857,0.42857142857142855,2.857142857142857
996,7.666666666666667,3,2.6666666666666665,0.0,3.6666666666666665
997,12.833333333333334,6,4.666666666666667,0.16666666666666666,3.1666666666666665
1000,13.333333333333334,3,2.3333333333333335,0.0,2.6666666666666665
1001,15.0,4,3.75,0.75,2.5
1002,14.25,4,1.75,0.5,3.0
1003,7.666666666666667,3,1.6666666666666667,0.0,3.0
1004,10.25,4,1.75,0.5,2.5
1005,12.25,4,4.75,0.5,4.0
1006,15.333333333333334,3,0.3333333333333333,0.3333333333333333,2.3333333333333335
1008,9.75,4,2.5,0.5,2.5
1009,15.0,4,3.75,0.25,2.5
1010,12.166666666666666,6,1.5,0.0,2.5
1011,7.333333333333333,3,4.333333333333333,0.3333333333333333,3.0
1012,8.166666666666666,6,1.3333333333333333,0.3333333333333333,2.3333333333333335
1013,13.2,5,4.8,0.2,2.8
1015,13.75,4,2.25,0.25,2.5
1017,12.5,6,2.3333333333333335,0.3333333333333333,2.1666666666666665
1019,13.333333333333334,3,1.3333333333333333,0.3333333333333333,1.6666666666666667
1020,11.8,5,4.0,0.2,2.2
1021,8.0,4,4.75,0.25,2.5
1023,14.0,7,1.8571428571428572,0.0,1.5714285714285714
1024,7.0,4,0.75,0.0,1.5
1027,15.333333333333334,3,4.666666666666667,0.0,2.3333333333333335
1028,6.333333333333333,3,2.0,0.3333333333333333,3.0
1029,9.0,3,4.333333333333333,0.3333333333333333,3.0
1030,10.25,4,5.5,0.5,2.75
1035,9.4,5,4.2,0.6,2.0
1036,16.0,3,3.0,0.0,3.0
1037,11.333333333333334,6,3.6666666666666665,0.16666666666666666,2.8333333333333335
1038,9.666666666666666,3,5.666666666666667,0.3333333333333333,2.3333333333333335
1039,14.1,10,3.6,0.6,2.5
1041,13.5,4,1.5,0.25,2.0
1042,11.0,4,4.0,0.5,2.75
1043,8.666666666666666,9,2.0,0.3333333333333333,2.888888888888889
1044,12.5,4,4.0,0.0,2.0
1049,15.5,4,4.5,0.25,3.25
1050,13.5,4,2.25,0.0,1.75
1052,9.0,4,3.5,0.0,2.75
1053,10.75,4,3.5,0.5,2.25
1054,15.666666666666666,3,5.666666666666667,0.0,1.3333333333333333
1055,10.333333333333334,6,2.6666666666666665,0.16666666666666666,2.8333333333333335
1056,11.75,4,3.75,0.25,3.75
1057,12.4,5,2.2,0.4,2.6
1058,13.666666666666666,3,2.6666666666666665,0.0,2.0
1059,8.8,5,3.6,0.8,1.8
1061,9.333333333333334,6,3.0,0.16666666666666666,3.0
1064,12.333333333333334,3,0.6666666666666666,0.6666666666666666,2.6666666666666665
1065,12.0,3,3.6666666666666665,0.0,3.0
1066,13.4,5,1.0,0.4,2.4
1068,16.333333333333332,3,5.666666666666667,0.3333333333333333,3.0
1069,7.428571428571429,7,2.7142857142857144,0.14285714285714285,3.142857142857143
1070,9.25,4,4.75,0.75,2.5
1072,8.5,6,4.166666666666667,0.3333333333333333,1.8333333333333333
1073,14.0,4,3.5,0.25,2.25
1075,11.5,8,5.0,0.125,2.375
1076,11.666666666666666,3,4.666666666666667,0.3333333333333333,3.0
1077,15.0,4,1.5,0.0,3.0
1078,13.25,4,0.75,0.0,2.75
1079,13.5,6,4.5,0.16666666666666666,3.0
1081,7.666666666666667,3,2.0,0.0,3.0
1084,14.6,5,2.2,0.2,3.4
1086,14.333333333333334,3,5.666666666666667,0.3333333333333333,2.3333333333333335
1088,12.333333333333334,3,5.0,0.0,3.0
1091,12.5,6,3.1666666666666665,0.5,2.8333333333333335
1092,17.333333333333332,3,3.6666666666666665,0.3333333333333333,2.0
1094,12.0,3,2.6666666666666665,0.6666666666666666,3.0
1097,15.0,3,1.6666666666666667,0.0,4.0
1098,10.5,4,2.0,0.0,3.25
1100,10.833333333333334,6,4.0,0.3333333333333333,3.0
1102,12.2,5,3.4,0.2,3.2
1103,10.0,4,2.75,0.5,4.0
1104,14.666666666666666,3,1.6666666666666667,0.0,3.3333333333333335
1106,13.0,3,1.6666666666666667,0.6666666666666666,2.0
1107,10.5,4,2.0,0.0,2.5
1108,16.333333333333332,3,2.6666666666666665,0.0,2.0
1109,8.0,5,3.0,0.2,2.8
1110,10.666666666666666,3,0.6666666666666666,0.0,3.3333333333333335
1111,13.285714285714286,7,2.7142857142857144,0.2857142857142857,2.7142857142857144
1112,8.833333333333334,6,2.3333333333333335,0.3333333333333333,1.8333333333333333
1114,12.5,6,1.6666666666666667,0.0,3.3333333333333335
1116,13.666666666666666,3,2.6666666666666665,0.0,3.6666666666666665
1117,10.25,4,5.5,0.5,2.75
1118,11.4,5,2.2,0.4,2.8
1119,10.428571428571429,7,2.5714285714285716,0.5714285714285714,2.857142857142857
1120,15.571428571428571,7,4.142857142857143,0.0,2.857142857142857
1121,11.8,5,2.8,0.4,2.8
1122,11.0,4,4.5,0.25,2.75
1123,9.5,4,3.25,0.5,2.5
1124,12.166666666666666,6,2.5,0.16666666666666666,2.0
1126,13.2,5,2.0,0.4,2.6
1127,12.75,4,2.25,0.5,1.5
1128,15.8,5,3.4,0.0,2.6
1130,11.75,4,2.0,0.0,3.25
1134,15.666666666666666,3,5.666666666666667,0.6666666666666666,2.6666666666666665
1135,13.4,5,2.4,0.4,2.0
1136,15.8,5,2.2,0.2,2.8
1137,12.75,8,4.5,0.375,3.0
1139,11.666666666666666,3,1.3333333333333333,0.3333333333333333,2.6666666666666665
1142,9.4,5,2.4,0.2,2.6
1143,16.142857142857142,7,1.5714285714285714,0.14285714285714285,2.142857142857143
1144,10.5,4,1.5,0.5,1.25
1148,11.25,4,1.25,0.25,3.0
1149,11.0,3,0.6666666666666666,0.3333333333333333,3.3333333333333335
1152,10.333333333333334,6,2.3333333333333335,0.0,2.5
1153,16.0,3,3.0,0.6666666666666666,2.3333333333333335
1154,14.0,4,2.25,0.5,2.75
1155,13.333333333333334,6,3.6666666666666665,0.16666666666666666,1.8333333333333333
1157,12.5,4,3.0,0.25,2.0
1160,11.5,4,0.75,0.25,2.25
1161,12.4,5,1.8,0.4,3.4
1162,16.2,5,2.2,0.6,3.4
1164,9.0,4,2.75,0.5,3.25
1165,13.666666666666666,3,2.3333333333333335,0.3333333333333333,2.3333333333333335
1167,8.0,3,5.666666666666667,0.3333333333333333,1.0
1169,7.333333333333333,3,0.6666666666666666,0.0,3.0
1171,14.333333333333334,3,3.6666666666666665,0.0,2.0
1172,12.75,4,2.75,0.75,2.5
1177,10.666666666666666,3,4.333333333333333,0.3333333333333333,3.3333333333333335
1178,11.5,4,2.0,0.25,2.75
1179,10.75,4,1.0,0.0,2.25
1181,9.4,5,3.8,0.4,2.2
1184,15.8,5,1.6,0.0,3.0
1185,14.0,3,2.0,0.0,3.0
1187,5.666666666666667,3,4.333333333333333,0.0,3.6666666666666665
1190,9.0,5,4.2,0.4,2.8
1191,8.5,4,4.0,0.0,2.25
1192,11.0,5,0.8,0.0,1.8
1193,11.88888888888889,9,5.0,0.3333333333333333,3.3333333333333335
1194,9.8,5,4.0,0.6,2.2
1195,11.0,3,4.0,0.6666666666666666,2.3333333333333335
1196,13.4,5,0.8,0.0,1.4
1198,7.5,4,4.5,0.5,2.0
1199,10.666666666666666,6,4.5,0.5,3.1666666666666665
1200,15.0,3,4.0,0.6666666666666666,2.6666666666666665
1201,8.333333333333334,3,3.3333333333333335,0.3333333333333333,2.6666666666666665
1203,14.25,4,2.0,0.25,2.25
1207,8.714285714285714,7,3.5714285714285716,0.5714285714285714,2.4285714285714284
1208,9.333333333333334,3,3.6666666666666665,0.3333333333333333,3.0
1209,12.333333333333334,3,2.6666666666666665,0.3333333333333333,3.0
1212,12.0,3,3.3333333333333335,0.3333333333333333,2.3333333333333335
1213,12.833333333333334,6,1.3333333333333333,0.16666666666666666,2.8333333333333335
1214,13.428571428571429,7,2.7142857142857144,0.14285714285714285,3.142857142857143
1215,11.333333333333334,3,1.6666666666666667,0.3333333333333333,2.6666666666666665
1217,17.25,4,0.75,0.0,2.0
1218,16.333333333333332,3,3.3333333333333335,0.3333333333333333,3.0
1220,12.75,4,5.75,0.5,3.5
1222,14.0,5,2.2,0.0,2.6
1224,13.666666666666666,3,1.3333333333333333,0.0,2.0
1225,8.75,4,3.5,0.25,2.75
1228,9.857142857142858,7,3.2857142857142856,0.14285714285714285,2.5714285714285716
1229,11.285714285714286,7,1.4285714285714286,0.0,2.5714285714285716
1230,9.714285714285714,7,4.0,0.5714285714285714,2.857142857142857
1232,10.333333333333334,6,4.5,0.0,2.6666666666666665
1233,9.857142857142858,7,2.5714285714285716,0.2857142857142857,2.2857142857142856
1235,13.4,5,3.2,0.6,3.2
1236,11.75,8,4.375,0.25,2.375
1237,10.5,4,2.5,0.5,3.25
1238,12.75,4,1.75,0.25,2.75
1239,12.857142857142858,7,5.0,0.42857142857142855,2.5714285714285716
1241,9.666666666666666,3,3.0,0.3333333333333333,1.6666666666666667
1243,14.6,5,3.0,0.4,2.4
1244,10.0,4,3.5,0.25,3.5
1245,10.75,4,1.75,0.25,3.25
1247,15.666666666666666,3,1.6666666666666667,0.0,2.6666666666666665
1248,12.714285714285714,7,2.857142857142857,0.5714285714285714,2.857142857142857
1249,10.333333333333334,3,3.6666666666666665,0.0,2.0
1250,14.2,5,3.8,0.4,3.0
1251,13.75,4,3.5,0.25,3.5
1254,15.0,3,0.3333333333333333,0.0,3.6666666666666665
1255,13.5,4,2.5,0.25,2.0
1256,9.714285714285714,7,2.857142857142857,0.42857142857142855,2.142857142857143
1257,16.333333333333332,3,1.6666666666666667,0.3333333333333333,2.3333333333333335
1258,10.666666666666666,3,3.0,0.3333333333333333,2.0
1259,10.6,5,4.2,0.4,2.4
1260,10.11111111111111,9,3.111111111111111,0.2222222222222222,1.8888888888888888
1261,15.666666666666666,3,1.0,0.3333333333333333,1.0
1262,13.5,6,5.0,0.3333333333333333,2.5
1263,13.666666666666666,3,5.0,0.3333333333333333,2.3333333333333335
1265,11.333333333333334,3,2.0,0.3333333333333333,4.0
1266,11.0,4,4.0,0.75,2.5
1267,14.666666666666666,3,0.3333333333333333,0.0,3.3333333333333335
1268,7.8,5,3.2,0.2,3.0
1269,8.0,3,0.3333333333333333,0.0,3.0
1273,8.0,4,2.75,0.5,2.25
1274,10.0,3,3.0,0.0,3.0
1275,15.555555555555555,9,1.2222222222222223,0.1111111111111111,2.7777777777777777
1276,14.0,4,2.0,0.25,1.5
1277,13.6,5,1.4,0.0,2.6
1278,14.8,5,8.4,0.2,3.4
1280,11.5,4,5.5,0.5,3.25
1282,8.0,3,1.0,0.3333333333333333,3.0
1283,12.6,5,3.4,0.6,2.6
1284,10.0,4,4.0,0.5,2.75
1286,8.75,4,2.5,0.25,3.5
1288,9.5,4,3.75,0.5,3.0
1289,12.666666666666666,3,6.333333333333333,0.3333333333333333,4.0
1290,15.75,4,3.25,0.25,1.0
1292,8.428571428571429,7,2.2857142857142856,0.2857142857142857,2.2857142857142856
1293,11.0,3,1.0,0.0,3.0
1294,6.666666666666667,6,3.6666666666666665,0.16666666666666666,2.5
1298,11.777777777777779,9,3.5555555555555554,0.4444444444444444,2.111111111111111
1299,10.0,3,6.666666666666667,0.3333333333333333,2.0
1301,11.0,3,5.0,1.0,3.0
1302,14.333333333333334,3,4.666666666666667,0.0,2.0
1303,10.333333333333334,3,1.3333333333333333,0.0,4.0
1304,10.333333333333334,3,3.0,0.3333333333333333,3.0
1308,11.142857142857142,7,2.857142857142857,0.14285714285714285,2.857142857142857
1309,6.666666666666667,3,0.3333333333333333,0.0,1.3333333333333333
1310,10.666666666666666,9,3.3333333333333335,0.3333333333333333,2.3333333333333335
1311,7.333333333333333,3,1.6666666666666667,0.0,2.6666666666666665
1312,17.6,5,0.4,0.0,3.0
1313,11.4,5,2.6,0.4,2.8
1315,14.75,4,1.0,0.5,2.25
1317,11.75,4,4.75,0.25,2.5
1319,11.4,5,2.0,0.6,4.0
1322,11.666666666666666,3,3.3333333333333335,0.0,2.3333333333333335
1323,7.333333333333333,3,1.6666666666666667,0.6666666666666666,3.0
1324,10.6,5,4.8,0.4,2.6
1325,9.333333333333334,3,2.3333333333333335,0.6666666666666666,2.3333333333333335
1327,12.25,4,4.5,0.75,3.5
1328,10.857142857142858,7,3.142857142857143,0.42857142857142855,3.142857142857143
1329,16.0,3,5.666666666666667,0.3333333333333333,3.0
1333,11.75,4,4.25,0.5,2.75
1337,12.333333333333334,3,3.3333333333333335,0.6666666666666666,2.6666666666666665
1339,11.666666666666666,3,4.666666666666667,0.0,2.3333333333333335
1341,7.333333333333333,3,4.333333333333333,1.0,3.3333333333333335
1343,14.0,3,3.0,0.3333333333333333,3.3333333333333335
1345,13.5,4,5.25,0.5,3.0
1346,10.857142857142858,7,3.7142857142857144,0.42857142857142855,2.857142857142857
1347,7.666666666666667,6,4.0,0.5,2.3333333333333335
1348,7.0,3,6.666666666666667,0.6666666666666666,1.6666666666666667
1350,13.5,4,2.75,0.5,2.25
1352,15.4,5,1.2,0.2,2.8
1354,15.0,5,3.4,0.0,2.4
1356,10.6,5,3.2,0.0,2.8
1357,9.25,4,3.75,0.5,3.25
1361,6.25,4,2.25,0.25,3.75
1362,11.75,4,4.0,0.5,3.5
1364,14.8,5,1.6,0.4,3.2
1365,13.0,7,2.4285714285714284,0.14285714285714285,2.5714285714285716
1368,12.8,5,4.8,0.0,2.4
1371,10.8,5,2.6,0.6,1.8
1372,8.4,5,4.2,0.2,3.4
1373,8.5,4,3.5,0.25,2.0
1375,13.0,3,3.0,0.6666666666666666,4.0
1376,15.0,6,3.6666666666666665,0.5,2.5
1377,10.0,6,3.1666666666666665,0.5,2.6666666666666665
1378,12.0,4,3.5,0.0,2.0
1379,9.666666666666666,6,5.0,0.5,2.3333333333333335
1380,9.0,3,2.3333333333333335,0.3333333333333333,3.0
1381,13.833333333333334,6,4.666666666666667,0.5,3.1666666666666665
1382,16.666666666666668,3,5.0,1.0,3.0
1385,11.0,5,2.2,0.4,3.2
1387,8.333333333333334,6,2.5,0.16666666666666666,1.8333333333333333
1388,12.0,5,0.4,0.0,3.6
1389,14.0,5,4.0,0.6,2.8
1394,10.166666666666666,6,1.5,0.16666666666666666,2.8333333333333335
1395,8.666666666666666,3,3.6666666666666665,1.0,2.0
1396,14.6,5,2.2,0.4,2.4
1397,11.0,4,1.75,0.25,1.75
1400,12.666666666666666,3,3.0,1.0,2.0
1403,9.0,3,0.3333333333333333,0.0,3.0
1404,11.0,3,3.6666666666666665,0.3333333333333333,2.3333333333333335
1406,10.25,4,1.5,0.25,4.0
1407,10.0,5,2.6,0.4,2.2
1408,10.75,4,3.0,1.0,3.0
1411,7.333333333333333,3,1.0,0.0,2.0
1413,12.0,3,1.3333333333333333,0.0,2.0
1415,10.666666666666666,6,3.1666666666666665,0.3333333333333333,3.1666666666666665
1417,9.8,5,2.0,0.4,2.4
1418,16.2,5,4.8,0.0,3.2
1419,12.666666666666666,3,2.6666666666666665,0.0,2.0
1421,15.25,4,2.75,0.5,3.0
1422,9.0,4,3.0,0.25,2.5
1425,10.0,3,1.0,0.0,3.0
1426,11.714285714285714,7,2.7142857142857144,0.2857142857142857,3.2857142857142856
1427,10.666666666666666,6,4.333333333333333,0.5,3.5
1429,11.666666666666666,6,2.3333333333333335,0.3333333333333333,2.6666666666666665
1430,11.333333333333334,3,3.6666666666666665,0.0,2.6666666666666665
1431,11.5,4,4.75,0.5,3.5
1432,8.666666666666666,3,3.0,0.3333333333333333,2.0
1433,8.0,4,4.0,0.25,2.75
1435,13.666666666666666,3,3.6666666666666665,0.3333333333333333,3.6666666666666665
1436,8.333333333333334,3,3.6666666666666665,0.6666666666666666,2.0
1437,10.666666666666666,3,5.0,0.0,3.0
1438,12.0,3,0.6666666666666666,0.3333333333333333,2.0
1439,11.666666666666666,3,2.0,0.3333333333333333,1.0
1441,9.666666666666666,6,2.5,0.16666666666666666,3.1666666666666665
1443,10.0,5,3.2,0.4,2.0
1446,12.6,5,3.8,0.2,2.2
1447,6.333333333333333,3,3.6666666666666665,0.0,2.6666666666666665
1448,12.666666666666666,3,3.6666666666666665,0.3333333333333333,3.6666666666666665
1450,8.857142857142858,7,2.2857142857142856,0.2857142857142857,3.5714285714285716
1451,10.285714285714286,7,4.142857142857143,0.42857142857142855,1.8571428571428572
1452,12.2,5,4.0,0.4,2.4
1454,10.75,4,2.75,0.0,3.0
1455,8.0,6,1.5,0.3333333333333333,2.0
1458,10.333333333333334,3,2.6666666666666665,0.0,3.0
1459,9.857142857142858,7,3.5714285714285716,0.42857142857142855,2.5714285714285716
1460,11.142857142857142,7,1.4285714285714286,0.42857142857142855,2.5714285714285716
1461,14.5,4,7.0,0.0,2.0
1462,8.333333333333334,6,4.5,0.5,2.6666666666666665
1463,14.2,5,5.4,0.2,3.0
1466,10.2,5,2.4,0.4,3.0
1467,9.8,5,0.2,0.2,3.2
1468,17.75,4,0.75,0.0,2.75
1469,11.333333333333334,3,2.6666666666666665,0.3333333333333333,1.3333333333333333
1472,10.8,5,3.0,0.4,3.0
1473,9.25,4,3.0,0.25,2.5
1474,10.25,4,2.75,0.0,2.75
1475,11.166666666666666,6,3.0,0.0,2.6666666666666665
1476,11.0,5,2.8,0.0,2.6
1478,16.75,4,4.0,0.25,2.5
1479,12.5,4,5.0,0.5,3.25
1480,13.25,4,1.75,0.25,1.75
1483,10.5,4,3.75,0.25,3.5
1484,8.25,4,1.75,0.0,2.75
1486,12.125,8,3.875,0.0,2.75
1488,8.75,4,3.0,0.25,2.0
1490,12.75,4,5.5,0.25,2.0
1492,13.0,3,1.0,0.0,2.3333333333333335
1493,10.555555555555555,9,4.333333333333333,0.1111111111111111,2.3333333333333335
1495,13.5,8,4.0,0.25,2.25
1496,10.75,4,2.5,0.25,3.75
1498,15.333333333333334,3,1.6666666666666667,0.0,3.3333333333333335
1499,12.5,4,2.5,0.5,2.25
